<?xml version="1.0" encoding="UTF-8"?>
<Configuration status="WARN">
    <Appenders>
        <Console name="Console" target="SYSTEM_OUT">
            <PatternLayout pattern="%-5t %d{yyyy-MM-dd HH:mm:ss} [%t] %C (%F:%L) %-5level %logger{36} - %msg%n"/>
        </Console>
        <File  name="MyFile" fileName="logs/app.log">
            <BurstFilter level="fatal" rate="16" maxBurst="100"/>
            <PatternLayout pattern="%-5t %d{yyyy-MM-dd HH:mm:ss} [%t] %C (%F:%L) %-5level %logger{36} - %msg%n"/>
        </File>
        <File  name="MyFile" fileName="logs/app.log">
            <BurstFilter level="trace" rate="16" maxBurst="100"/>
            <PatternLayout pattern="%-5t %d{yyyy-MM-dd HH:mm:ss} [%t] %C (%F:%L) %-5level %logger{36} - %msg%n"/>
        </File>
    </Appenders>
    <Loggers>
        <Root level="trace">
            <AppenderRef ref="Console" level="trace"/>
            <AppenderRef ref="MyFile" level="trace"/>
            <AppenderRef ref="MyFile" level="error"/>
        </Root>
<!--
        <Logger name="com.foo.Bar" level="trace">
            <AppenderRef ref="Console"/>
        </Logger>
        <Root level="error">
            <AppenderRef ref="Console"/>
        </Root>
-->
    </Loggers>
</Configuration>